,filename,is_animal_there,is_it_a_dog,is_the_owner_there,color,tail,address,cam_id
0,B100.jpg,0,0,0,0,0,город Москва улица Кадырова дом 4,PVN_hd_UZAO_8772_3
1,B101.jpg,1,1,0,1,2,город Москва улица Кадырова дом 4,PVN_hd_UZAO_8772_3
2,B103.jpg,1,1,0,3,1,город Москва улица Академика Семёнова дом 3,PVN_hd_UZAO_8740_4
3,B104.jpg,1,1,0,2,2,город Москва проспект Мира дом 182 корпус 3,PVN_hd_SVAO_3055_1
4,B108.jpg,1,0,0,0,0,город Москва проспект Мира дом 182 корпус 3,PVN_hd_SVAO_3055_1
5,B109.jpg,1,0,0,0,0,ЦАО Верхняя Сыромятническая улица дем 2,PVN_hd_TSAO_53003
6,B10.jpg,1,1,0,1,2,город Москва улица Академика Королёва дом 28 корпус 2,PVN_hd_SVAO_1652_1
7,B110.jpg,1,1,0,2,2,Российская Федерация город Москва внутригородская территория муниципальный округ Алексеевский улица Бориса Галушкина дом 25,PVN_hd_SVAO_3087_5
8,B113.jpg,1,0,0,0,0,ЦАО Верхняя Сыромятническая улица дем 2,PVN_hd_TSAO_5300%R
9,B114.jpg,1,0,0,0,0,ЦАО Верхняя Сыромятническая улица дем 2,PVN_hd_TSAO_5300%%
10,B115.jpg,1,1,0,2,2,Российская Федерация город Москва внутригородская территория муниципальный округ Алексеевский улица Бориса Галушкина дом 25,PVN_hd_SVAO_3087_5
11,B12.jpg,0,0,0,0,0,город Москва Мелиховская улица дом 2,PVN_hd_SVAO_3426_1
12,B13.jpg,1,0,0,0,0,город Москва Мелиховская улица дом 2,PVN_hd_SVAO_3426_1
13,B15.jpg,1,0,0,0,0,город Москва Мелиховская улица дом 2,PVN_hd_SVAO_3426_1
14,B17.jpg,1,1,0,2,2,город Москва проспект Мира дом 182 корпус 3,PVN_hd_SVAO_3055_1
15,B1.jpg,0,0,0,0,0,город Москва улица Академика Королёва дом 28 корпус 2,PVN_hd_SVAO_1652_1
16,B20.jpg,1,1,0,1,2,город Москва Мелиховская улица дом 2,PVN_hd_SVAO_3426_1
17,B21.jpg,1,1,1,2,2,город Москва Мелиховская улица дом 2,PVN_hd_SVAO_3426_1
18,B22.jpg,1,1,1,3,2,город Москва Мелиховская улица дом 2,PVN_hd_SVAO_3426_1
19,B27.jpg,1,1,0,3,2,город Москва Мелиховская улица дом 2,PVN_hd_SVAO_3426_1
20,B28.jpg,1,1,0,3,2,город Москва Мелиховская улица дом 2,PVN_hd_SVAO_3426_1
21,B29.jpg,1,1,1,3,2,город Москва Мелиховская улица дом 2,PVN_hd_SVAO_3426_1
22,B2.jpg,1,1,0,2,1,СВАО улица Академика Королёва дом 28; корпус?,PVN_hd_SVAO_16521
23,B30.jpg,1,1,0,3,1,город Москва Мелиховская улица дом 2,PVN_hd_SVAO_3426_1
24,B31.jpg,1,1,1,1,2,город Москва Мелиховская улица дом 2,PVN_hd_SVAO_3426_1
25,B32.jpg,1,1,0,1,1,город Москва Новоалексеевская улица дом 5А,PVN_hd_SVAO_3040_1
26,B33.jpg,0,0,0,0,0,город Москва улица Бориса Галушкина дом 21,PVN_hd_SVAO_3085_1
27,B34.jpg,0,0,0,0,0,город Москва улица Корнейчука дом 41А,PVN_hd_SVAO_3498_4
28,B35.jpg,1,1,1,3,2,город Москва улица Корнейчука дом 41А,PVN_hd_SVAO_3498_4
29,B36.jpg,1,1,0,2,2,город Москва улица Корнейчука дом 41А,PVN_hd_SVAO_3498_4
30,B37.jpg,1,1,0,1,1,город Москва улица Корнейчука дом 41А,PVN_hd_SVAO_3498_4
31,B38.jpg,1,1,1,1,2,город Москва улица Корнейчука дом 41А,PVN_hd_SVAO_3498_4
32,B39.jpg,1,1,0,1,1,нал,YAO_BSB_4h
33,B3.jpg,1,0,0,0,0,город Москва улица Академика Королёва дом 28 корпус 2,PVN_hd_SVAO_1652_1
34,B40.jpg,1,1,0,2,2,город Москва улица Корнейчука дом 41А,PVN_hd_SVAO_3498_4
35,B41.jpg,1,1,0,1,2,город Москва Новоалексеевская улица дом 5А,PVN_hd_SVAO_3040_1
36,B42.jpg,1,0,0,0,0,город Москва улица Корнейчука дом 41А,PVN_hd_SVAO_3498_4
37,B43.jpg,1,1,0,3,2,город Москва улица Корнейчука дом 41А,PVN_hd_SVAO_3498_4
38,B45.jpg,1,1,0,3,2,город Москва улица Корнейчука дом 41А,PVN_hd_SVAO_3498_4
39,B46.jpg,1,1,0,3,2,город Москва улица Бориса Галушкина дом 21,PVN_hd_SVAO_3085_1
40,B47.jpg,0,0,0,0,0,город Москва улица Корнейчука дом 41А,PVN_hd_SVAO_3498_4
41,B49.jpg,1,1,0,2,2,город Москва Новоалексеевская улица дом 5А,PVN_hd_SVAO_3040_1
42,B4.jpg,1,1,0,2,2,корпус2,2524
43,B50.jpg,1,1,0,1,1,город Москва улица Корнейчука дом 41А,PVN_hd_SVAO_3498_4
44,B51.jpg,1,1,0,2,2,город Москва Новоалексеевская улица дом 5А,PVN_hd_SVAO_3040_1
45,B52.jpg,1,1,0,1,2,город Москва улица Корнейчука дом 41А,PVN_hd_SVAO_3498_4
46,B53.jpg,1,1,0,3,2,город Москва улица Корнейчука дом 41А,PVN_hd_SVAO_3498_4
47,B54.jpg,1,1,0,3,2,город Москва проспект Мира дом 182 корпус 3,PVN_hd_SVAO_3055_1
48,B55.jpg,0,0,0,0,0,ЦАО Верхняя Сыромятническая улица дем 2,ViNmem_Sf_5300_32
49,B58.jpg,1,1,1,3,2,ЦАО Верхняя Сыромятническая улица дем 2,PVN_hd_TSAOESS@OmE
50,B5.jpg,1,1,0,1,2,город Москва Новоалексеевская улица дом 5А,PVN_hd_SVAO_3040_1
51,B60.jpg,1,1,0,3,2,город Москва улица Бориса Галушкина дом 18,PVN_hd_SVAO_3081_5
52,B61.jpg,1,0,0,0,0,ЦАО Верхняя Сыромятническая улица дем 2,PVN_hd_TSAO_53003
53,B62.jpg,1,0,0,0,0,ЦАО Верхняя Сыромятническая улица дем 2,PVN_hd_TSAO_53003
54,B63.jpg,1,0,0,0,0,город Москва Верхняя Сыромятническая улица дом 2,PVN_hd_TSAO_5300_3
55,B64.jpg,1,1,0,3,1,ЦАО Верхняя Сыромятническая улица дем 2,PVN_hd_TSAO_53003
56,B65.jpg,1,1,0,2,2,город Москва Верхняя Сыромятническая улица дом 2,PVN_hd_TSAO_5300_3
57,B66.jpg,1,1,0,1,2,ЦАО Верхняя Сыромятническая улица дем 2,PVN_hd_TSAO_53003
58,B67.jpg,1,0,0,0,0,ЦАО Верхняя Сыромятническая улица дем 2,PVN_hd_TSAO_53003
59,B68.jpg,1,1,1,3,2,ЦАО Верхняя Сыромятническая улица дем 2,PVN_hd_TSAO_53003
60,B69.jpg,1,1,0,2,1,город Москва Верхняя Сыромятническая улица дом 2,PVN_hd_TSAO_5300_3
61,B6.jpg,1,1,0,2,2,город Москва улица Академика Королёва дом 28 корпус 2,PVN_hd_SVAO_1652_4
62,B70.jpg,1,1,1,3,1,ЦАО Верхняя Сыромятническая улица дем 2,PVN_hd_TSAO_53003
63,B71.jpg,1,1,0,3,2,ЦАО Верхняя Сыромятническая улица дом 2,PVN_hd_TSAO_5300_<
64,B72.jpg,1,1,0,2,2,ЦАО Верхняя Сыромятническая улица дем 2,PVN_hd_TSAO_53003
65,B73.jpg,1,0,0,0,0,ЦАО Верхняя Сыромятническая улица дем 2,PVN_hd_TSAO_53003
66,B75.jpg,1,1,0,3,2,ЦАО Верхняя Сыромятническая улица дом 2,PVN_hd_TSAO_53003
67,B76.jpg,1,1,0,3,2,город Москва проспект Мира дом 182 корпус 3,PVN_hd_SVAO_3055_1
68,B77.jpg,1,1,0,2,1,город Москва Верхняя Сыромятническая улица дом 2,PVN_hd_TSAO_5300_3
69,B79.jpg,1,0,0,0,0,город Москва проспект Мира дом 182 корпус 3,PVN_hd_SVAO_3055_1
70,B7.jpg,1,0,0,0,0,город Москва улица Академика Королёва дом 28 корпус 2,PVN_hd_SVAO_1652_1
71,B80.jpg,1,1,0,3,1,город Москва улица Бориса Галушкина дом 18,PVN_hd_SVAO_3081_5
72,B83.jpg,1,1,0,2,2,город Москва улица Бориса Галушкина дом 18,PVN_hd_SVAO_3081_5
73,B84.jpg,1,1,0,3,2,Российская Федерация город Москва внутригородская территория муниципальный округ Алексеевский улица Бориса Галушкина дом 25,PVN_hd_SVAO_3087_5
74,B85.jpg,1,0,0,0,0,город Москва Малая Пионерская улица дом 23-31 строение 1,PVN_hd_TSAO_3847_1
75,B86.jpg,0,0,0,0,0,город Москва Малая Пионерская улица дом 23-31 строение 1,PVN_hd_TSAO_3847_1
76,B87.jpg,1,1,0,2,2,город Москва 5-й Монетчиковский переулок дом 13,PVN_hd_TSAO_3766_1
77,B88.jpg,0,0,0,0,0,город Москва 5-й Монетчиковский переулок дом 13,PVN_hd_TSAO_3766_1
78,B89.jpg,1,1,0,3,2,город Москва проспект Мира дом 182 корпус 3,PVN_hd_SVAO_3055_1
79,B90.jpg,1,1,0,1,1,320 1-Й Тушинский проезд дом 8,PVN_hd_SZAO_431
80,B91.jpg,0,0,0,0,0,,PVN_hd_SZAO_431
81,B92.jpg,1,1,0,1,2,Российская Федерация город Москва внутригородская территория муниципальный округ Алексеевский улица Бориса Галушкина дом 25,PVN_hd_SVAO_3087_5
82,B93.jpg,1,1,0,2,1,СВАО проезд. ‚Черского дом 5,PVN_hd_SVAO_13251
83,B94.jpg,1,1,0,3,2,город Москва проезд Черского дом 5,PVN_hd_SVAO_1325_1
84,B95.jpg,1,0,0,0,0,город Москва проезд Черского дом 5,PVN_hd_SVAO_1325_1
85,B96.jpg,0,0,0,0,0,город Москва проезд Черского дом 5,PVN_hd_SVAO_1325_1
86,B97.jpg,0,0,0,0,0,город Москва улица Академика Семёнова дом 3,PVN_hd_UZAO_8740_4
87,B98.jpg,0,0,0,0,0,город Москва улица Крымский Вал дом 8,PVN_hd_TSAO_6162_6
88,B99.jpg,0,0,0,0,0,ЦАО 1-й Спасоналивковский переулок дом 18 строение 2,PVN_hd_TSAO_11402_1
89,B9.jpg,1,1,0,1,2,город Москва Новоалексеевская улица дом 5А,PVN_hd_SVAO_3040_1
90,А100.jpg,0,0,0,0,0,город Москва улица Каховка дом 18 корпус 5,PVN_hd_UZAO_8352_4
91,А101.jpg,1,0,0,0,0,ЮАО Касимовская улица дом 7. корпус1,ie_PVN_hd_UAO_1412_4
92,А10.jpg,0,0,0,0,0,САО Ленинградский проспект дом 35,UVN_SAO_027_2
93,А11.jpg,1,1,0,3,2,САО Ленинградский проспект дом 35,UVN_SAO_027_2
94,А12.jpg,1,1,0,2,2,САО ленинградский проспект дом 35,UVN_SAO_0272
95,А14.jpg,1,1,1,3,2,САО Ленинградский проспект дом 35,UVN_SAO027_2
96,А15.jpg,1,1,1,2,2,САО Ленинградский проспект дом 35,UVN_SAO_027_2
97,А16.jpg,1,1,0,1,1,САО Ленинградский проспект дом 35,UVN_SAO_027_7
98,А17.jpg,0,0,0,0,0,САО Ленинградский проспект дем 85,UVN_SAO_027_7
99,А1.jpg,0,0,0,0,0,город Москва улица Свободы дом 3,PVN_hd_SZAO_36_3
100,А20.jpg,1,1,0,2,2,САО Ленинградский проспект дем 85,UVN_SAO_027_7
101,А21.jpg,1,1,0,3,2,САО Ленинградский проспект дем 85,UVN_SAO_027_7
102,А22.jpg,1,1,1,3,1,САО Ленинградский проспект дом 35,UVN_SAO_027_7
103,А23.jpg,0,0,0,0,0,САО Ленинградский проспект дем 85,UVN_SAO027_8
104,А24.jpg,1,1,1,3,1,САО Ленинградский проспект дом 35,UVN_SAO_027_8
105,А25.jpg,1,1,0,1,2,,UVN_SAO_027_8
106,А26.jpg,1,1,0,3,2,САО Ленинградский проспект дом 35,UVN_SAO_0278
107,А28.jpg,1,1,0,3,1,,UVN_SAO_027_8
108,А29.jpg,1,1,1,2,2,САО Ленинградский проспект дем 85,UVN_“SAO_027_8
109,А2.jpg,1,1,0,1,2,,PVN_hd_SZAO_36_9
110,А30.jpg,1,0,0,0,0,САО Ленинградский проспект дом 36,UVN_SAO_027_8
111,А33.jpg,0,0,0,0,0,город Москва улица Исаковского дом 28 корпус 1,PVN_hd_SZAO_5745_1
112,А34.jpg,1,1,0,3,2,СЗАО улица Исаковского дом 28 корлус1,PVN_hd_SZAO_S745_1
113,А35.jpg,1,1,1,3,2,город Москва улица Исаковского дом 28 корпус 1,PVN_hd_SZAO_5745_1
114,А36.jpg,1,1,0,2,2,город Москва улица Исаковского дом 28 корпус 1,PVN_hd_SZAO_5745_1
115,А37.jpg,1,0,0,0,0,город Москва улица Исаковского дом 28 корпус 1,PVN_hd_SZAO_5745_1
116,А3.jpg,1,1,0,2,1,©ЗАО улица Свободы дом 3 .,PVN_hd_SZAO_36_9
117,А40.jpg,0,0,0,0,0,город Москва Шелепихинская набережная дом 22,PVN_hd_TSAO_4915_2
118,А41.jpg,1,1,0,2,2,город Москва Шелепихинская набережная дом 22,PVN_hd_TSAO_4915_2
119,А42.jpg,1,1,1,3,2,город Москва Шелепихинская набережная дом 22,PVN_hd_TSAO_4915_2
120,А43.jpg,1,1,0,2,2,город Москва Шелепихинская набережная дом 22,PVN_hd_TSAO_4915_2
121,А44.jpg,1,1,0,2,2,город Москва Шелепихинская набережная дом 22,PVN_hd_TSAO_4915_2
122,А45.jpg,1,1,1,1,1,город Москва Шелепихинская набережная дом 22,PVN_hd_TSAO_4915_2
123,А46.jpg,1,0,0,0,0,город Москва Шелепихинская набережная дом 22,PVN_hd_TSAO_4915_2
124,А47.jpg,1,1,1,2,1,город Москва Шелепихинская набережная дом 22,PVN_hd_TSAO_4915_2
125,А48.jpg,1,1,0,1,2,город Москва улица Академика Варги дом 28,PVN_hd_UZAO_1100_15
126,А49.jpg,1,1,0,1,2,я. дом 22,TSAO__4915_2
127,А4.jpg,0,0,0,0,0,,PVN_hd_SZAO_36_9
128,А50.jpg,1,1,0,3,2,город Москва Шелепихинская набережная дом 22,PVN_hd_TSAO_4915_2
129,А51.jpg,1,1,0,2,2,ая. дом 22,TSAO_4915_2
130,А52.jpg,1,1,0,2,2,город Москва Шелепихинская набережная дом 22,PVN_hd_TSAO_4915_2
131,А53.jpg,1,1,0,3,2,город Москва улица Крылатские Холмы дом 32 корпус 2,PVN_hd_ZAO_9544_4
132,А54.jpg,0,0,0,0,0,город Москва улица Крылатские Холмы дом 32 корпус 2,PVN_hd_ZAO_9544_4
133,А56.jpg,1,0,0,0,0,город Москва улица Крылатские Холмы дом 32 корпус 2,PVN_hd_ZAO_9544_4
134,А57.jpg,1,1,1,3,2,город Москва улица Крылатские Холмы дом 32 корпус 2,PVN_hd_ZAO_9544_4
135,А58.jpg,1,1,0,3,2,город Москва улица Крылатские Холмы дом 32 корпус 2,PVN_hd_ZAO_9544_4
136,А5.jpg,1,1,0,1,2,город Москва улица Свободы дом 3,PVN_hd_SZAO_36_3
137,А61.jpg,1,1,1,1,1,город Москва улица Крылатские Холмы дом 32 корпус 2,PVN_hd_ZAO_9544_4
138,А62.jpg,1,1,0,2,2,город Москва улица Крылатские Холмы дом 32 корпус 2,PVN_hd_ZAO_9544_4
139,А63.jpg,1,1,1,1,1,город Москва улица Крылатские Холмы дом 32 корпус 2,PVN_hd_ZAO_9544_4
140,А64.jpg,0,0,0,0,0,город Москва Филёвский бульвар дом 15,PVN_hd_ZAO_10482_1
141,А65.jpg,1,1,1,3,1,город Москва Филёвский бульвар дом 15,PVN_hd_ZAO_10482_1
142,А68.jpg,1,1,0,3,2,ЗАО Филёаский бульвар дом 15.,PVN"_He_ZA_A_Oee_aa
143,А69.jpg,1,1,1,2,1,город Москва Филёвский бульвар дом 15,PVN_hd_ZAO_10482_1
144,А70.jpg,1,1,1,3,2,ЮАО Днепропетровская улица дем 31,je_PVN_hd_UAO_319_2
145,А71.jpg,0,0,0,0,0,ЮАО Днепропетровская улица дем 31,je_PVN_hd_UAO_319_2
146,А72.jpg,1,1,0,3,2,город Москва Днепропетровская улица дом 31,PVN_hd_UAO_319_2
147,А73.jpg,1,0,0,0,0,город Москва Чертановская улица дом 8 корпус 1,PVN_hd_UAO_2409_1
148,А74.jpg,1,1,0,3,2,город Москва улица Академика Варги дом 28,PVN_hd_UZAO_1100_15
149,А75.jpg,1,1,1,1,2,город Москва Чертановская улица дом 8 корпус 1,PVN_hd_UAO_2409_1
150,А76.jpg,0,0,0,0,0,город Москва Чертановская улица дом 8 корпус 1,PVN_hd_UAO_2409_1
151,А77.jpg,1,0,0,0,0,город Москва Чертановская улица дом 8 корпус 1,PVN_hd_UAO_2409_1
152,А80.jpg,0,0,0,0,0,город Москва Чертановская улица дом 66 корпус 4,PVN_hd_UAO_2582_4
153,А81.jpg,0,0,0,0,0,ЮАО Варшавское шоссе дом 144 корпус 2,UO_ie
154,А83.jpg,0,0,0,0,0,город Москва улица Красного Маяка дом 19 корпус 3,PVN_hd_UAO_8456_1
155,А84.jpg,1,1,1,2,2,город Москва улица Каховка дом 5 корпус 4,PVN_hd_UZAO_7277_1
156,А85.jpg,1,0,0,0,0,город Москва улица Каховка дом 5 корпус 4,PVN_hd_UZAO_7277_1
157,А86.jpg,0,0,0,0,0,город Москва улица Каховка дом 5 корпус 4,PVN_hd_UZAO_7277_1
158,А87.jpg,1,1,0,1,2,город Москва Севастопольский проспект дом 50/11,PVN_hd_UZAO_8297_1
159,А88.jpg,0,0,0,0,0,город Москва Севастопольский проспект дом 50/11,PVN_hd_UZAO_8297_1
160,А89.jpg,1,0,0,0,0,город Москва Севастопольский проспект дом 50/11,PVN_hd_UZAO_8297_1
161,А90.jpg,1,1,0,3,2,аа дом 24 норпуе4,
162,А92.jpg,1,1,1,1,1,город Москва Севастопольский проспект дом 50/11,PVN_hd_UZAO_8297_1
163,А94.jpg,1,1,0,1,2,город Москва улица Каховка дом 18 корпус 5,PVN_hd_UZAO_8352_4
164,А95.jpg,1,1,0,3,2,город Москва Домодедовская улица дом 24 корпус 4,PVN_hd_UAO_2666_1
165,А96.jpg,1,1,0,3,2,город Москва улица Каховка дом 18 корпус 5,PVN_hd_UZAO_8352_4
166,А97.jpg,1,1,0,2,2,город Москва улица Каховка дом 18 корпус 5,PVN_hd_UZAO_8352_4
167,А99.jpg,1,1,0,2,2,город Москва улица Каховка дом 18 корпус 5,PVN_hd_UZAO_8352_4
168,С100.jpg,1,0,0,0,0,город Москва 1-й Амбулаторный проезд дом 7 корпус 3,PVN_hd_SAO_2559_3
169,С101.jpg,1,0,0,0,0,город Москва 1-й Амбулаторный проезд дом 7 корпус 3,PVN_hd_SAO_2559_3
170,С10.jpg,0,0,0,0,0,САО улица Дыбенко дом 36 корпус,PVN_hd_SAO_2_8257_9
171,С11.jpg,0,0,0,0,0,город Москва переулок Огородная Слобода дом 10,PVN_hd_TSAO_3437_1
172,С12.jpg,0,0,0,0,0,город Москва переулок Огородная Слобода дом 14,PVN_hd_TSAO_3439_1
173,С13.jpg,0,0,0,0,0,город Москва Большой Козловский переулок дом 11 строение 1,PVN_hd_TSAO_3341_1
174,С14.jpg,0,0,0,0,0,Российская Федерация город Москва внутригородская территория муниципальный округ Басманный Садовая-Черногрязская улица дом 16-18 строение 1,PVN_hd_TSAO_3562_4
175,С15.jpg,0,0,0,0,0,город Москва Хомутовский тупик дом 4 корпус 1,PVN_hd_TSAO_3636_5
176,С16.jpg,0,0,0,0,0,город Москва Хомутовский тупик дом 4 корпус 2,PVN_hd_TSAO_3637_5
177,С17.jpg,0,0,0,0,0,город Москва Новая Басманная улица дом 14 строение 3,PVN_hd_TSAO_3137_1
178,С18.jpg,0,0,0,0,0,город Москва Старая Басманная улица дом 25 строение 5,PVN_hd_TSAO_3163_2
179,С19.jpg,0,0,0,0,0,город Москва Токмаков переулок дом 3-5,PVN_hd_TSAO_3607_3
180,С1.jpg,0,0,0,0,0,город Москва 1-й Амбулаторный проезд дом 7 корпус 3,PVN_hd_SAO_2559_3
181,С20.jpg,0,0,0,0,0,город Москва Токмаков переулок дом 13-15,PVN_hd_TSAO_3604_4
182,С24.jpg,1,1,0,2,1,город Москва Левобережная улица дом 4 корпус 12,PVN_hd_SAO_6159_54
183,С26.jpg,1,1,0,3,1,город Москва Центросоюзный переулок дом 4,PVN_hd_TSAO_3647_1
184,С27.jpg,0,0,0,0,0,город Москва Центросоюзный переулок дом 4,PVN_hd_TSAO_3647_1
185,С28.jpg,1,1,1,1,2,город Москва Центросоюзный переулок дом 4,PVN_hd_TSAO_3647_1
186,С29.jpg,1,1,0,3,1,город Москва Левобережная улица дом 4 корпус 12,PVN_hd_SAO_6159_54
187,С2.jpg,0,0,0,0,0,город Москва Центросоюзный переулок дом 4,PVN_hd_TSAO_3647_1
188,С30.jpg,1,1,0,1,2,город Москва Центросоюзный переулок дом 4,PVN_hd_TSAO_3647_1
189,С32.jpg,1,1,0,2,2,город Москва Левобережная улица дом 4 корпус 12,PVN_hd_SAO_6159_54
190,С36.jpg,1,1,0,2,2,город Москва 1-й Нижний Михайловский проезд дом 16,PVN_hd_UAO_7270_3
191,С37.jpg,1,1,0,2,2,город Москва 1-й Нижний Михайловский проезд дом 16,PVN_hd_UAO_7270_3
192,С39.jpg,1,1,0,2,2,город Москва 1-й Нижний Михайловский проезд дом 16,PVN_hd_UAO_7270_3
193,С3.jpg,0,0,0,0,0,город Москва 1-й Нижний Михайловский проезд дом 16,PVN_hd_UAO_7270_3
194,С40.jpg,1,1,0,2,1,город Москва 1-й Нижний Михайловский проезд дом 16,PVN_hd_UAO_7270_3
195,С41.jpg,1,1,1,3,1,город Москва 1-й Нижний Михайловский проезд дом 16,PVN_hd_UAO_7270_3
196,С42.jpg,1,1,0,2,2,город Москва Левобережная улица дом 4 корпус 12,PVN_hd_SAO_6159_54
197,С43.jpg,1,1,0,2,2,город Москва Левобережная улица дом 4 корпус 12,PVN_hd_SAO_6159_54
198,С44.jpg,1,1,0,2,2,корпус 12,AO_6_1eghrare
199,С45.jpg,1,1,1,3,2,,PVN_hd_SAO_2_72281
200,С46.jpg,1,1,0,2,2,город Москва Левобережная улица дом 4 корпус 12,PVN_hd_SAO_6159_54
201,С49.jpg,1,1,0,3,2,город Москва Левобережная улица дом 4 корпус 12,PVN_hd_SAO_6159_54
202,С4.jpg,0,0,0,0,0,город Москва Беломорская улица дом 16,PVN_hd_SAO_2_7820_1
203,С51.jpg,1,1,1,1,1,город Москва 1-й Нижний Михайловский проезд дом 16,PVN_hd_UAO_7270_3
204,С53.jpg,1,1,1,1,2,город Москва Левобережная улица дом 4 корпус 12,PVN_hd_SAO_6159_54
205,С55.jpg,1,1,1,3,2,город Москва Левобережная улица дом 4 корпус 12,PVN_hd_SAO_6159_54
206,С56.jpg,1,1,0,1,2,город Москва Левобережная улица дом 4 корпус 12,PVN_hd_SAO_6159_54
207,С57.jpg,1,1,0,2,2,город Москва Левобережная улица дом 4 корпус 12,PVN_hd_SAO_6159_54
208,С58.jpg,1,1,1,2,2,город Москва Левобережная улица дом 4 корпус 12,PVN_hd_SAO_6159_54
209,С59.jpg,1,1,0,1,1,город Москва Центросоюзный переулок дом 4,PVN_hd_TSAO_3647_1
210,С5.jpg,0,0,0,0,0,город Москва Ангарская улица дом 39,PVN_hd_SAO_3371_1
211,С60.jpg,1,1,1,1,2,город Москва Центросоюзный переулок дом 4,PVN_hd_TSAO_3647_1
212,С61.jpg,1,1,0,1,1,город Москва Центросоюзный переулок дом 4,PVN_hd_TSAO_3647_1
213,С63.jpg,0,0,0,0,0,город Москва Центросоюзный переулок дом 4,PVN_hd_TSAO_3647_1
214,С64.jpg,1,1,0,1,1,город Москва Центросоюзный переулок дом 4,PVN_hd_TSAO_3647_1
215,С65.jpg,1,1,0,3,2,город Москва Центросоюзный переулок дом 4,PVN_hd_TSAO_3647_1
216,С66.jpg,1,1,1,2,2,город Москва Центросоюзный переулок дом 4,PVN_hd_TSAO_3647_1
217,С67.jpg,1,1,0,2,2,город Москва 1-й Амбулаторный проезд дом 7 корпус 3,PVN_hd_SAO_2559_3
218,С69.jpg,1,1,0,2,1,город Москва Центросоюзный переулок дом 4,PVN_hd_TSAO_3647_1
219,С6.jpg,0,0,0,0,0,город Москва Клязьминская улица дом 5 корпус 1,PVN_hd_SAO_3465_1
220,С73.jpg,1,1,0,3,2,город Москва Левобережная улица дом 4 корпус 12,PVN_hd_SAO_6159_54
221,С74.jpg,1,1,0,2,1,город Москва 1-й Нижний Михайловский проезд дом 16,PVN_hd_UAO_7270_3
222,С75.jpg,1,1,0,1,1,ЮАО 1-й Нижний Михайловский проезд дом 16,Sainenc_UA_72710_3
223,С76.jpg,1,1,0,3,1,город Москва Левобережная улица дом 4 корпус 12,PVN_hd_SAO_6159_54
224,С79.jpg,1,1,1,3,1,,
225,С7.jpg,0,0,0,0,0,город Москва Центросоюзный переулок дом 4,PVN_hd_TSAO_3647_1
226,С80.jpg,1,1,1,1,2,,#_PVN_hd_SAO_272281
227,С81.jpg,1,1,0,3,2,город Москва улица Преображенский Вал дом 24 корпус 3,PVN_hd_VAO_6390_22
228,С82.jpg,1,1,0,3,2,город Москва улица Преображенский Вал дом 24 корпус 3,PVN_hd_VAO_6390_22
229,С83.jpg,0,0,0,0,0,город Москва улица Преображенский Вал дом 24 корпус 3,PVN_hd_VAO_6390_22
230,С84.jpg,1,1,1,1,1,город Москва Центросоюзный переулок дом 4,PVN_hd_TSAO_3647_1
231,С85.jpg,1,1,0,2,1,ВАО улица Сокольнический Вал дом 1. строение1,PARK_VAO_197_14_30
232,С86.jpg,1,1,0,1,2,ВАО улица Сокольнический Вал дом 1. строениез,PARK_VAO_197_14_67
233,С88.jpg,1,1,0,1,1,город Москва Центросоюзный переулок дом 4,PVN_hd_TSAO_3647_1
234,С89.jpg,1,1,0,1,1,город Москва Центросоюзный переулок дом 4,PVN_hd_TSAO_3647_1
235,С8.jpg,0,0,0,0,0,,PVN_hd_SAO_2_72281
236,С90.jpg,1,1,0,2,2,город Москва Левобережная улица дом 4 корпус 12,PVN_hd_SAO_6159_54
237,С91.jpg,1,1,0,2,2,город Москва Левобережная улица дом 4 корпус 12,PVN_hd_SAO_6159_54
238,С92.jpg,1,1,0,3,2,город Москва Левобережная улица дом 4 корпус 12,PVN_hd_SAO_6159_54
239,С93.jpg,1,1,0,3,2,город Москва Левобережная улица дом 4 корпус 12,PVN_hd_SAO_6159_54
240,С95.jpg,1,0,0,0,0,город Москва 1-й Амбулаторный проезд дом 7 корпус 3,PVN_hd_SAO_2559_3
241,С96.jpg,1,1,0,3,1,город Москва Центросоюзный переулок дом 4,PVN_hd_TSAO_3647_1
242,С97.jpg,1,1,0,3,2,город Москва Центросоюзный переулок дом 4,PVN_hd_TSAO_3647_1
243,С98.jpg,1,1,0,2,1,город Москва Центросоюзный переулок дом 4,PVN_hd_TSAO_3647_1
244,С99.jpg,1,1,1,2,1,город Москва Центросоюзный переулок дом 4,PVN_hd_TSAO_3647_1
245,С9.jpg,0,0,0,0,0,САО ленинградское шоссе дом 51,PARK_SAO_30_34_49
246,B105.jpg,1,0,0,0,0,,5300_3
247,B106.jpg,1,0,0,0,0,,0_5300_3
248,B48.jpg,1,1,0,2,1,,ay
249,А38.jpg,1,1,0,1,1,,745_1
250,А60.jpg,1,0,0,0,0,,ad
251,А78.jpg,1,1,0,1,1,,82_4
252,B102.jpg,1,1,0,1,2,,
253,B107.jpg,1,1,0,3,1,,
254,B111.jpg,1,1,0,1,1,,
255,B112.jpg,1,1,0,3,2,,
256,B116.jpg,1,1,0,3,2,,
257,B117.jpg,1,1,0,2,2,,
258,B118.jpg,1,1,0,2,1,,
259,B119.jpg,1,1,0,1,2,,
260,B11.jpg,1,1,0,3,1,,
261,B120.jpg,1,1,0,3,1,,
262,B14.jpg,1,1,0,3,2,,
263,B16.jpg,1,1,0,3,2,,
264,B18.jpg,1,1,0,2,1,,
265,B19.jpg,1,1,0,1,2,,
266,B23.jpg,1,1,0,3,2,,
267,B24.jpg,1,1,0,2,2,,
268,B25.jpg,1,1,0,1,2,,
269,B26.jpg,1,1,0,3,2,,
270,B44.jpg,1,1,0,3,2,,
271,B56.jpg,1,1,0,2,2,,
272,B57.jpg,1,1,0,2,2,,
273,B59.jpg,1,1,0,1,2,,
274,B74.jpg,1,1,0,2,2,,
275,B78.jpg,1,1,0,3,2,,
276,B81.jpg,0,0,0,0,0,,
277,B82.jpg,1,1,0,3,1,,
278,B8.jpg,1,1,0,1,2,,
279,А102.jpg,1,1,0,2,2,,
280,А13.jpg,1,1,0,2,2,,
281,А18.jpg,1,1,0,1,2,,
282,А19.jpg,1,1,0,3,2,,
283,А27.jpg,1,1,0,2,2,,
284,А31.jpg,1,1,0,3,2,,
285,А32.jpg,1,1,0,3,2,,
286,А39.jpg,1,1,0,3,2,,
287,А55.jpg,1,1,0,3,1,,
288,А59.jpg,1,1,0,3,1,,
289,А66.jpg,1,1,0,2,1,,
290,А67.jpg,1,1,0,2,2,,
291,А6.jpg,1,1,0,1,2,,
292,А79.jpg,1,1,0,3,1,,
293,А7.jpg,1,1,0,2,1,,
294,А82.jpg,1,1,0,1,2,,
295,А8.jpg,1,1,0,2,2,,
296,А91.jpg,1,1,0,3,2,,
297,А93.jpg,1,1,0,1,2,,
298,А98.jpg,1,0,0,0,0,,
299,А9.jpg,1,1,0,2,2,,
300,С102.jpg,1,1,0,1,2,,
301,С103.jpg,1,1,0,1,2,,
302,С21.jpg,1,1,0,2,1,,
303,С25.jpg,1,1,0,3,1,,
304,С34.jpg,1,1,0,3,1,,
305,С35.jpg,1,1,0,3,2,,
306,С38.jpg,1,1,0,3,2,,
307,С47.jpg,1,1,0,2,2,,
308,С48.jpg,1,1,0,1,2,,
309,С54.jpg,1,1,0,1,1,,
310,С62.jpg,1,1,0,3,2,,
311,С70.jpg,1,1,0,2,2,,
312,С78.jpg,1,0,0,0,0,,
313,С94.jpg,1,1,0,2,2,,
